{"cameraMode":{"drawMode":0,"name":"Shaded","section":"Shading Mode"},"sceneLighting":true,"audioPlay":false,"sceneViewState":{"m_AlwaysRefresh":false,"showFog":true,"showSkybox":true,"showFlares":true,"showImageEffects":true,"showParticleSystems":true,"showVisualEffectGraphs":true,"m_FxEnabled":true},"in2DMode":false,"pivot":{"x":13.730783462524414,"y":0.3814573884010315,"z":-23.37202262878418},"rotation":{"x":-0.09507013112306595,"y":-0.8968777656555176,"z":0.23491892218589784,"w":-0.3626905381679535},"size":1.9645719528198243,"orthographic":false}