{"cameraMode":{"drawMode":0,"name":"Shaded","section":"Shading Mode"},"sceneLighting":true,"audioPlay":false,"sceneViewState":{"m_AlwaysRefresh":false,"showFog":true,"showSkybox":true,"showFlares":true,"showImageEffects":true,"showParticleSystems":true,"showVisualEffectGraphs":true,"m_FxEnabled":true},"in2DMode":false,"pivot":{"x":4.526519298553467,"y":1.4164190292358399,"z":-14.767105102539063},"rotation":{"x":-0.14138443768024445,"y":0.0937008187174797,"z":-0.013435973785817624,"w":-0.985444188117981},"size":1.7459955215454102,"orthographic":false}