{"cameraMode":{"drawMode":0,"name":"Shaded","section":"Shading Mode"},"sceneLighting":true,"audioPlay":false,"sceneViewState":{"m_AlwaysRefresh":false,"showFog":true,"showSkybox":true,"showFlares":true,"showImageEffects":true,"showParticleSystems":true,"showVisualEffectGraphs":true,"m_FxEnabled":true},"in2DMode":false,"pivot":{"x":0.9720127582550049,"y":1.3663249015808106,"z":-4.496310234069824},"rotation":{"x":0.013847730122506619,"y":0.9774624109268189,"z":-0.19947445392608643,"w":0.06784661114215851},"size":3.3082988262176515,"orthographic":false}