{"cameraMode":{"drawMode":0,"name":"Shaded","section":"Shading Mode"},"sceneLighting":true,"audioPlay":false,"sceneViewState":{"m_AlwaysRefresh":false,"showFog":true,"showSkybox":true,"showFlares":true,"showImageEffects":true,"showParticleSystems":true,"showVisualEffectGraphs":true,"m_FxEnabled":true},"in2DMode":false,"pivot":{"x":7.533592700958252,"y":1.5310297012329102,"z":-22.630762100219728},"rotation":{"x":0.003366579534485936,"y":0.9944470524787903,"z":-0.10028748214244843,"w":0.03564876690506935},"size":3.7146613597869875,"orthographic":false}