{"cameraMode":{"drawMode":0,"name":"Shaded","section":"Shading Mode"},"sceneLighting":true,"audioPlay":false,"sceneViewState":{"m_AlwaysRefresh":false,"showFog":true,"showSkybox":true,"showFlares":true,"showImageEffects":true,"showParticleSystems":true,"showVisualEffectGraphs":true,"m_FxEnabled":true},"in2DMode":false,"pivot":{"x":9.888692855834961,"y":-5.613198280334473,"z":-4.2560272216796879},"rotation":{"x":-0.1345553994178772,"y":-0.02641039341688156,"z":0.003590250853449106,"w":-0.9906458258628845},"size":16.769813537597658,"orthographic":false}