{"cameraMode":{"drawMode":0,"name":"Shaded","section":"Shading Mode"},"sceneLighting":true,"audioPlay":false,"sceneViewState":{"m_AlwaysRefresh":false,"showFog":true,"showSkybox":true,"showFlares":true,"showImageEffects":true,"showParticleSystems":true,"showVisualEffectGraphs":true,"m_FxEnabled":true},"in2DMode":false,"pivot":{"x":2.1391351222991945,"y":1.7635114192962647,"z":6.885959625244141},"rotation":{"x":-0.1598278284072876,"y":-0.004101485945284367,"z":0.0006588599062524736,"w":-0.9872439503669739},"size":4.13205099105835,"orthographic":false}