{"cameraMode":{"drawMode":0,"name":"Shaded","section":"Shading Mode"},"sceneLighting":true,"audioPlay":false,"sceneViewState":{"m_AlwaysRefresh":false,"showFog":true,"showSkybox":false,"showFlares":true,"showImageEffects":true,"showParticleSystems":true,"showVisualEffectGraphs":true,"m_FxEnabled":true},"in2DMode":false,"pivot":{"x":-8.613183975219727,"y":11.401591300964356,"z":4.4986982345581059},"rotation":{"x":-0.11727298051118851,"y":-0.7194682955741882,"z":0.12535147368907929,"w":-0.6730707287788391},"size":0.6621769666671753,"orthographic":false}